epoch,stage,train_loss,train_accuracy,val_loss,val_accuracy,val_macro_f1,selection_score,lr_backbone,lr_head
1,head,1.5232760139874049,0.44161551339285715,1.3833109211476609,0.47450543326831984,0.4018099647505043,0.43815769900941204,0.001,0.001
2,head,1.376317816653422,0.5071847098214286,1.3317651841327585,0.4934522151016996,0.4399154625766277,0.46668383883916364,0.000905463412215599,0.000905463412215599
3,head,1.325004561671189,0.5267857142857143,1.3159887738864247,0.49568124825856785,0.4518928350626662,0.473787041660617,0.000657963412215599,0.000657963412215599
4,head,1.2854107863136701,0.5435965401785714,1.2826806103894226,0.5104485929228197,0.46317576675228195,0.4868121798375509,0.0003520365877844011,0.0003520365877844011
5,head,1.2644929795392923,0.5535365513392857,1.2706148152764576,0.5171356923934244,0.46779796903896215,0.49246683071619324,0.00010453658778440106,0.00010453658778440106
6,finetune,1.4953812946166312,0.44681222098214285,1.5000608608429729,0.4494288102535525,0.3620798922465341,0.40575435125004333,5e-05,0.0002
7,finetune,1.271147962127413,0.5473284040178571,1.216476559439686,0.550292560601839,0.4992240743386881,0.5247583174702635,4.9901370202883365e-05,0.0001995994422525263
8,finetune,1.1823067885956593,0.5861118861607143,1.157549005907935,0.5636667595430482,0.513250414658008,0.5384585871005281,4.960627492066643e-05,0.00019840099406556367
9,finetune,1.128836854760136,0.6090611049107143,1.0866130765815005,0.5923655614377263,0.5497013164835318,0.5710334389606291,4.9117090087048414e-05,0.00019641430463923743
10,finetune,1.083318798669747,0.626708984375,1.062876748371071,0.5968236277514628,0.547132498641509,0.5719780631964859,4.843775433067357e-05,0.0001936553696286539
11,finetune,1.052358209022454,0.6393694196428571,1.0408049822684018,0.6210643633324046,0.5774421429309186,0.5992532531316616,4.757373726360928e-05,0.00019014640235629076
12,finetune,1.0165483430027962,0.6532156808035714,1.0245142819888746,0.6205071050431875,0.5808885930821103,0.6006978490626489,4.653199544324573e-05,0.00018591565496338573
13,finetune,0.9875173635248627,0.66650390625,1.0077626782561053,0.6277514628030092,0.5903584897288419,0.6090549762659255,4.532091636218622e-05,0.0001809971909403073
14,finetune,0.9658776095935276,0.6742117745535714,1.0050975515603953,0.6316522708275285,0.58746832163564,0.6095602962315843,4.3950250917088476e-05,0.00017543061086735935
15,finetune,0.9428339542022773,0.6838727678571429,0.993226081855319,0.6324881582613542,0.5937768864672647,0.6131325223643094,4.2431034900178194e-05,0.00016926073357419308
16,finetune,0.9210174147571836,0.6922433035714286,0.9905306246659987,0.6330454165505712,0.5934593513360745,0.6132523839433228,4.077550014553898e-05,0.00016253723528494404
17,finetune,0.8978513479232788,0.7028111049107143,0.9813828084521321,0.6388966285873502,0.6032274597892605,0.6210620441883054,3.899697604557652e-05,0.00015531424965448424
18,finetune,0.8839413044708115,0.7123325892857143,0.9726050805666879,0.6433546949010867,0.6132688968658572,0.6283117958834719,3.7109782230588476e-05,0.0001476499319160634
19,finetune,0.8571385355400187,0.720947265625,0.9731999246082322,0.6461409863471719,0.6142680364056685,0.6302045113764202,3.512911327552114e-05,0.00013960599064956545
20,finetune,0.8427785374224186,0.7249581473214286,0.9784077420544246,0.6444692114795207,0.6152504722169921,0.6298598418482564,3.307091636218622e-05,0.0001312471909403073
21,finetune,0.8284481856971979,0.73046875,0.9773742429523888,0.6411256617442185,0.6188872317260917,0.6300064467351552,3.095176288192971e-05,0.0001226408329286533
22,finetune,0.8129083812236786,0.739013671875,0.9798472232890348,0.6439119531903037,0.6173269062143925,0.6306194297023481,2.878871501253257e-05,0.00011385620994885675
23,finetune,0.7970079564090286,0.7455008370535714,0.971124878066534,0.6542212315408191,0.6274237214103201,0.6408224764755697,2.6599188343587627e-05,0.00010496405061987627
24,finetune,0.7815853333366769,0.7518136160714286,0.9725707578240547,0.6505990526609083,0.6242020711461764,0.6374005619035423,2.4400811656412396e-05,9.60359493801238e-05
25,finetune,0.7700441852211952,0.7540457589285714,0.9696505640701651,0.6556143772638618,0.6331723495952184,0.6443933634295401,2.221128498746745e-05,8.714379005114331e-05
26,finetune,0.7631335122776883,0.7576729910714286,0.9748808912793784,0.6528280858177765,0.628987016482612,0.6409075511501943,2.0048237118070305e-05,7.835916707134675e-05
27,finetune,0.7513471405420985,0.7643694196428571,0.9719479726230443,0.6514349400947339,0.6317750468258286,0.6416049934602812,1.7929083637813794e-05,6.975280905969276e-05
28,finetune,0.7394248268433979,0.7669154575892857,0.9756072377321546,0.65784341042073,0.6359990908317145,0.6469212506262223,1.587088672447888e-05,6.139400935043464e-05
29,finetune,0.7285157096173082,0.7713099888392857,0.9788227692790336,0.6556143772638618,0.6331891437135264,0.6444017604886941,1.3890217769411535e-05,5.335006808393665e-05
30,finetune,0.7255742156079837,0.7735072544642857,0.9813737143677036,0.6528280858177765,0.6337392116399135,0.643283648728845,1.2003023954423492e-05,4.5685750345515824e-05
31,finetune,0.7186692710965872,0.7765066964285714,0.9810264568436474,0.6536639732516021,0.6348333481846334,0.6442486607181177,1.0224499854461032e-05,3.8462764715056034e-05
32,finetune,0.7118036786892584,0.78076171875,0.9808935344169385,0.6558930064084704,0.6376275422987137,0.6467602743535921,8.568965099821818e-06,3.173926642580698e-05
33,finetune,0.7107525803148746,0.7805873325892857,0.9817513513611564,0.6567288938422959,0.6432681047691705,0.6499984993057333,7.049749082911536e-06,2.5569389132640738e-05
34,finetune,0.7077145600425345,0.7806919642857143,0.9817399848766333,0.6567288938422959,0.6384545621824321,0.647591728012364,5.679083637813791e-06,2.0002809059692752e-05
35,finetune,0.7035708629659244,0.7822614397321429,0.9822301538118781,0.6586792978545556,0.6411592118806096,0.6499192548675826,4.468004556754281e-06,1.5084345036614333e-05
36,finetune,0.6997323544429881,0.7852260044642857,0.9821725325951107,0.6547784898300362,0.6374017450290429,0.6460901174295395,3.4262627363907347e-06,1.0853597643709313e-05
37,finetune,0.6987659446895123,0.78369140625,0.981749338255383,0.6547784898300362,0.6371248877468645,0.6459516887884503,2.562245669326439e-06,7.344630371346152e-06
38,finetune,0.695074020751885,0.78662109375,0.9824146792628898,0.6581220395653385,0.6405072490042941,0.6493146442848163,1.882909912951596e-06,4.585695360762605e-06
39,finetune,0.6951573813068015,0.7871791294642857,0.9829046525939257,0.6558930064084704,0.6385130826200466,0.6472030445142585,1.3937250793335733e-06,2.599005934436349e-06
40,finetune,0.6932608022221497,0.7880161830357143,0.9833767355302144,0.6558930064084704,0.6405895053154583,0.6482412558619643,1.098629797116643e-06,1.400557747473713e-06
